{
  "description": "项目配置文件",
  "packOptions": {
    "ignore": []
  },
  "setting": {
    "urlCheck": false,
    "es6": true,
    "enhance": false,
    "postcss": true,
    "preloadBackgroundData": false,
    "minified": true,
    "newFeature": false,
    "coverView": true,
    "nodeModules": false,
    "autoAudits": false,
    "showShadowRootInWxmlPanel": true,
    "scopeDataCheck": false,
    "uglifyFileName": false,
    "checkInvalidKey": true,
    "checkSiteMap": true,
    "uploadWithSourceMap": true,
    "compileHotReLoad": false,
    "useMultiFrameRuntime": false,
    "useApiHook": true,
    "babelSetting": {
      "ignore": [],
      "disablePlugins": [],
      "outputPath": ""
    },
    "enableEngineNative": false,
    "bundle": false,
    "useIsolateContext": true,
    "useCompilerModule": true,
    "userConfirmedUseCompilerModuleSwitch": false,
    "userConfirmedBundleSwitch": false,
    "packNpmManually": false,
    "packNpmRelationList": [],
    "minifyWXSS": true
  },
  "compileType": "miniprogram",
  "libVersion": "2.14.0",
  "appid": "wx91252188e607156a",
  "projectname": "wxblogdemo",
  "debugOptions": {
    "hidedInDevtools": []
  },
  "scripts": {},
  "isGameTourist": false,
  "simulatorType": "wechat",
  "simulatorPluginLibVersion": {},
  "condition": {
    "plugin": {
      "list": []
    },
    "game": {
      "list": []
    },
    "gamePlugin": {
      "list": []
    },
    "miniprogram": {
      "list": [
        {
          "name": "pages/home/home",
          "pathName": "pages/home/home",
          "query": "",
          "scene": null
        },
        {
          "name": "pages/index/chatroom/chatroom",
          "pathName": "pages/index/chatroom/chatroom",
          "query": "",
          "scene": null
        },
        {
          "name": "pages/todetail/todetail",
          "pathName": "pages/todetail/todetail",
          "query": "",
          "scene": null
        },
        {
          "name": "pages/search/search",
          "pathName": "pages/search/search",
          "query": "",
          "scene": null
        },
        {
          "name": "pages/personal/personal",
          "pathName": "pages/personal/personal",
          "query": "",
          "scene": null
        },
        {
          "name": "pages/gaimima/gaimima",
          "pathName": "pages/gaimima/gaimima",
          "query": "",
          "scene": null
        },
        {
          "name": "pages/chatList/chatList",
          "pathName": "pages/chatList/chatList",
          "query": "",
          "scene": null
        },
        {
          "name": "pages/chat/chat",
          "pathName": "pages/chat/chat",
          "query": "",
          "scene": null
        },
        {
          "name": "pages/personpage/personpage",
          "pathName": "pages/personpage/personpage",
          "query": "",
          "scene": null
        },
        {
          "name": "pages/myarticle/myarticle",
          "pathName": "pages/myarticle/myarticle",
          "scene": null
        }
      ]
    }
  }
}