[{
  "_id": {
    "$oid": "6065f912da0956098cd5c500"
  },
  "tag": [
    "美国大选",
    "特朗普",
    "拜登"
  ],
  "isOpen": "0",
  "ID": "aid_87696201921617295634937",
  "username": "nuota",
  "title": "拜登称特朗普拒认败选很尴尬",
  "context": "<p><span style=\"color: rgb(0, 0, 0);\" class=\"ql-size-large\">据美国有线电视新闻网（CNN）消息，当地时间10日，美国“当选总统”拜登在被问及特朗普拒绝承认选举结果时，他表示，“非常坦率地说，我认为这很令人尴尬”。</span></p><p class=\"ql-align-center\"><img src=\"http://nuotasuo.com/image/1605073305585_1605073635212.png\"></p><p>\t<span class=\"ql-size-large\">另外，据美国媒体报道，美国民主党总统候选人拜登的竞选团队表示，如果共和党总统候选人、美国现任总统特朗普拒绝承认选举结果并拖延权力交接，拜登的竞选团队将考虑采取法律行动。</span></p><p><span class=\"ql-size-large\">\t据美国媒体最新消息，特朗普的连任竞选团队已经开始裁员。《国会山报》：特朗普竞选团队开始裁员。雅虎新闻援引多个匿名消息来源称，特朗普的连任竞选团队已经有好几名工作人员被解雇，而且从下周开始，剩下的员工也会被陆续解雇。</span></p><p><span class=\"ql-size-large\">\t消息人士说，工作人员已经接到通知，他们将领取“最后一份薪水”，同时，距离他们离开团队“只剩一周的时间”。</span></p><p><span class=\"ql-size-large\">\t10日，美国总统特朗普则在一天内，连续两次在社交网站上发文。他表示，自己的选举正取得巨大进展，下周开始结果会出炉，而自己将会获胜。他还发推预告称，“选票腐败将于今晚9时（北京时间11日上午10时）在福克斯的肖恩·汉尼提节目（即‘肖恩·汉尼提秀’）中被揭露”。</span></p><p><span class=\"ql-size-large\">\t当地时间10日，美国国务院记者会上，当被问及国务院是否准备与拜登的“权力过渡”团队接触时，蓬佩奥作出了这番表态：“将会有一个向第二届特朗普政府的平稳过渡（时期）。”蓬佩奥说，“全世界都在关注正在发生的事。我们要清点所有选票。这个过程完成后，将产生选举人。这是一个过程，宪法规定得很清楚。”</span></p>",
  "updateTIME": "2021年4月04日 10:23",
  "createTIME": "2021年4月04日 10:23",
  "__v": 0,
  "photo_url": "http://nuotasuo.com/image/tt_1617857681313.png"
},{
  "_id": {
    "$oid": "6065f918da0956098cd5c501"
  },
  "tag": [
    "天猫",
    "双十一",
    "淘宝"
  ],
  "isOpen": "0",
  "ID": "aid_84627895731617295640480",
  "username": "nuota",
  "title": "天猫双11开局30分钟破3723亿",
  "context": "<blockquote>30分钟，天猫双十一成交额破3723亿，你贡献了多少呢？</blockquote><p>\t新供给、新场景、新体验，让历经十二年的天猫双11释放出新的增长潜能。</p><p>\t今年的双11是变化最大的一年，从过去的“光棍节”变身为有两个售卖期的“双节棍”。数字已经表明，更长周期的售卖，给消费者带来了更多实惠，给商家创造了更大增长空间。</p><p class=\"ql-align-center\"><img src=\"http://nuotasuo.com/image/双11_1605072727767.png\"></p><p>\t从商家到消费者，从外贸工厂到田间地头，从直播生态到物流体系，从线下商业到技术保障，从国内到海外，世界因为双11动了起来！</p><p>\t消费者买得爽，商家卖得欢，“尾款人”成了流行热词。双11展现的内需活力，给人们带来更大的信心。</p><p>\t许多前所未有的新角色参与双11，衣食住用行的消费需求被全方位满足。数字原生技术被广泛应用，让双11更智能、更可靠。这是一场商业的盛会，也是对数字基础设施的一次检验。</p>",
  "updateTIME": "2021年4月01日 10:23",
  "createTIME": "2021年4月01日 10:23",
  "__v": 0,
  "photo_url": "http://nuotasuo.com/image/tt_1617857681313.png"
},{
  "_id": {
    "$oid": "6065f91fda0956098cd5c502"
  },
  "tag": [
    "美国大选",
    "台湾",
    "两岸关系",
    "国台办"
  ],
  "isOpen": "0",
  "ID": "aid_42853860811617295647318",
  "username": "nuota",
  "title": "美国大选结果是否会影响两岸关系？国台办回应",
  "context": "<p class=\"ql-align-center\"><img src=\"http://nuotasuo.com/image/242dd42a2834349b8582516bfbd987c937d3be16_1605075203384.jpeg\"></p><p class=\"ql-align-center\"><span style=\"color: rgb(51, 51, 51);\"><span class=\"ql-cursor\">﻿</span>资料图：国务院台湾事务办公室发言人朱凤莲。 中新社记者 杨可佳 摄</span></p><p class=\"ql-align-justify\"><strong>海外网11月11日电&nbsp;</strong>11月11日上午，国务院台湾事务办公室举行例行新闻发布会。国台办发言人朱凤莲就两岸政党交流、两岸军事互信和两岸文化往来等热点问题回答记者提问。</p><p class=\"ql-align-justify\">有记者提问，岛内有舆论认为，美国大选之后是两岸寻求和解，重回正轨的契机。请问发言人，您觉得美国大选结果是否会影响两岸关系？</p><p class=\"ql-align-justify\">朱凤莲表示，我们多次指出，民进党当局拒不承认体现一个中国原则的“九二共识”，干扰和阻挠两岸交流合作，推动一系列的谋“独”行径，勾连外部势力进行挑衅，是造成当前两岸关系紧张的总根源。民进党当局只有回到“九二共识”政治基础的正轨，停止谋“独”挑衅，两岸关系才可能改善发展。</p><p class=\"ql-align-justify\">朱凤莲强调，台湾问题是中国的内政，不容任何外来干涉。祖国必须统一，也必然统一，这是两岸关系发展的历史定论。大陆发展进步是决定两岸关系发展，引领民族复兴的关键因素。当前，大陆决胜全面建成小康社会取得了决定性成就，中华民族伟大复兴迈出了新的一大步，为推进祖国统一奠定了更坚实的基础，提供了更有力的支撑。我们希望广大台湾同胞认清历史大势，和我们一起朝着实现民族复兴、祖国统一的光明前景而共同努力。</p><blockquote><span style=\"color: rgb(51, 51, 51);\">来源：海外网</span></blockquote>",
  "updateTIME": "2021年4月02日 10:23",
  "createTIME": "2021年4月02日 10:23",
  "__v": 0,
  "photo_url": "http://nuotasuo.com/image/tt_1617855042206.png"
},{
  "_id": {
    "$oid": "6065f927da0956098cd5c503"
  },
  "tag": [
    "交友",
    "B站"
  ],
  "isOpen": "0",
  "ID": "aid_10959174241617295655701",
  "username": "nuota",
  "title": "最喜欢的网站-Bilibili Website",
  "context": "<p class=\"ql-align-center\"><strong class=\"ql-size-huge\" style=\"background-color: rgb(0, 0, 0); color: rgb(255, 255, 255);\">Bili</strong><strong class=\"ql-size-huge\" style=\"background-color: rgb(255, 153, 0);\">hub</strong></p>",
  "updateTIME": "2021年4月01日 10:23",
  "createTIME": "2021年4月01日 10:23",
  "__v": 0,
  "photo_url": "http://nuotasuo.com/image/tt_1617855042206.png"
},{
  "_id": {
    "$oid": "6071dcc7b862472e4cd10257"
  },
  "tag": [
    "123"
  ],
  "isOpen": "0",
  "ID": "aid_05888794931618074823487",
  "title": "头像",
  "context": "<p><img src=\"http://nuotasuo.com/image/avator-default_1618074798915.png\" style=\"display: block; margin: auto; cursor: nwse-resize;\" width=\"355\"></p>",
  "updateTIME": "2021年4月19日 11:23",
  "createTIME": "2021年4月19日 11:23",
  "__v": 0
},{
  "_id": {
    "$oid": "608fa1fdc2845e0458c2868c"
  },
  "tag": [
    "CBA",
    "总决赛",
    "广东东莞大益"
  ],
  "isOpen": "0",
  "ID": "aid_95304942391620025853931",
  "title": "第11个总冠军 广东王朝再续！",
  "context": "<p><strong style=\"color: rgb(0, 0, 0);\">03-04、04-05、05-06三连冠，紧接着又是07-08、08-09、09-10、10-11四连冠，以及2019-2021年三连冠，广东成为CBA历史上首支3次完成至少3连冠球队</strong><span style=\"color: rgb(0, 0, 0);\">。</span></p><p>CBA史策，广东独一档。回归广东队的三个赛季，广东队主教练杜锋连续第三个赛季带队夺冠，证明了自己是当之无愧的“最佳主教练”。</p><p>本赛季，杜锋以压倒性的优势击败浙江队主教练刘维伟等对手，连续第三个赛季捧起“澄海杯”，连续第三个赛季成为CBA的最佳主教练。在CBA历史上，能够连续三个赛季拿到最佳主教练的并不多，上一次做到的还是李春江（2008-2010）。也就是说，最近11年，只有杜锋一人连续三个赛季拿到了最佳主教练的奖杯。</p><p><img src=\"http://nuotasuo.com/image/微信图片_20210503150735_1620025786304.png\" style=\"display: block; margin: auto;\"></p><p><span style=\"color: rgb(0, 0, 0);\">下个赛季，广东等待易建联，马尚回归，他们依旧是新赛季总冠军的头号热门，他们有望继续为这支伟大的球队不断增加荣誉。大家认为广东接下来还会延续夺冠步伐吗？</span></p>",
  "updateTIME": "2021年5月02日 10:21",
  "createTIME": "2021年5月02日 10:21",
  "__v": 0,
  "photo_url": "http://nuotasuo.com/image/_20210503150929_1620025803368.png",
  "username": "Nuota",
  "avatar": "http://nuotasuo.com/avator-default.png"
},{
  "_id": {
    "$oid": "608fa96e6114a73118c96bf8"
  },
  "tag": [
    "电影",
    "票房",
    "五一档",
    "假期"
  ],
  "isOpen": "0",
  "ID": "aid_61272456941620027758036",
  "title": "火爆！五一档破9亿！",
  "context": "<blockquote><em>\t</em><span style=\"color: rgb(64, 64, 64);\">导读：从历年</span>\t<a href=\"https://www.163.com/keywords/7/6/7968623f/1.html\" rel=\"noopener noreferrer\" target=\"_blank\" style=\"color: rgb(0, 140, 210);\">票房</a>\t<span style=\"color: rgb(64, 64, 64);\">来看，“五一档”虽然比不上“国庆档”“春节档”这样的热门档期，但也算是小档期中的大档期，2018年和2019年的</span>\t<a href=\"https://news.163.com/news/search?keyword=%E6%80%BB%E7%A5%A8%E6%88%BF\" rel=\"noopener noreferrer\" target=\"_blank\" style=\"color: rgb(0, 140, 210);\">总票房</a>\t<span style=\"color: rgb(64, 64, 64);\">在10亿—15亿的量级。今年加长版的“五一”共有13部影片扎堆上映，不仅数量上创出了历史新高，票房上也有望刷新记录。</span></blockquote><p class=\"ql-align-justify\">\t今年的“五一档”票房有望创下历史新高。截到5月3日11：41，五一档<a href=\"https://www.163.com/keywords/7/3/75355f71/1.html\" rel=\"noopener noreferrer\" target=\"_blank\" style=\"color: rgb(0, 140, 210);\">电影</a>票房超9亿元。</p><p class=\"ql-align-justify\">\t票房排名前三位分别是许光汉、章若楠主演的爱情电影《你的婚礼》，<a href=\"https://news.163.com/news/search?keyword=%E5%BC%A0%E8%89%BA%E8%B0%8B\" rel=\"noopener noreferrer\" target=\"_blank\" style=\"color: rgb(0, 140, 210);\">张艺谋</a>执导的首部谍战剧《悬崖之上》，郭富城、段奕宏主演的《秘密访客》。</p><p class=\"ql-align-justify\"><img src=\"http://nuotasuo.com/image/_20210503153518_1620027331093.png\" style=\"display: block; margin: auto;\" width=\"246\"></p><p class=\"ql-align-justify\">\t<strong>今年五一档排片满满，13部影片扎堆上映</strong></p><p class=\"ql-align-justify\">\t这个五一小长假，多家片方公司竞相分食疫情后国内影市，造就国内影史最挤的五一档期。</p><p class=\"ql-align-justify\">\t据统计，今年五一期间上档的电影有十多部，分别为：《你的婚礼》、《悬崖之上》、《冰雪大作战2》、《爱情来时》、《奔流到海》、《秘密访客》、《真·三国无双》、《阳光劫匪》、《扫黑·决战》、《追虎擒龙》、《猪猪侠大电影·恐龙日记》、《寻汉计》等。</p><p class=\"ql-align-justify\">\t《你的婚礼》领跑五一档，背后投资方是光线</p><p class=\"ql-align-justify\">\t今年的五一档目前领跑的是青春爱情电影《你的婚礼》，是一个关于奋不顾身追寻与错过又重逢的甜虐爱情故事，很多人看了以后评价：爱到极致，哭到极致。</p><p class=\"ql-align-justify\"><img src=\"http://nuotasuo.com/image/_20210503153719_1620027454969.png\" style=\"display: block; margin: auto;\"></p><p>\t<span style=\"color: rgb(64, 64, 64);\">影片讲述游泳特长生周潇齐与转校生尤咏慈长达15年的爱情故事。高中时，周潇齐(许光汉 饰)对尤咏慈(章若楠 饰)一见钟情，年少懵懂的纯纯爱恋，男孩默默守护，但女孩却不告而别。此后的人生，15年的爱情长跑。你的婚礼，也是我的成人礼。</span></p><p><img src=\"http://nuotasuo.com/image/_20210503153705_1620027483707.png\" style=\"display: block; margin: auto;\"></p><p class=\"ql-align-justify\">\t有网友对这部影片评价很高，“超出预期，看片过程中我又哭又笑，像个傻子……”“感怀于青春时的真诚、阳光、岁月。”“谢谢那个曾经喜欢你的我，拼尽了全力。”但是，目前来看其豆瓣评分相对一般。</p><p><img src=\"http://nuotasuo.com/image/_20210503153830_1620027527743.png\" style=\"display: block; margin: auto;\"></p><p class=\"ql-align-justify\">\t电影《你的婚礼》的出品方是北京光线影业有限公司、北京造梦机影视传媒有限公司、青春光线（扬州）影业有限公司、北京彩条屋科技有限公司；联合发行制作方是华夏电影发行有限责任公司、霍尔果斯青春光线有限公司、北京光线影业有限公司。</p><p class=\"ql-align-justify\">\t其中，青春光线和彩条屋科技都是光线影业控股的公司，其背后的股东均为上市公司光线传媒，可见这部电影基本由光线包揽。</p><p class=\"ql-align-justify\">\t光线传媒（300251）4月19日发布的2020年年报显示，2020年公司实现营业收入11.59亿元，同比下降59%；净利润2.91亿元，同比下降69.3%；归母扣非净利润2.35亿元，同比下降72.9%。</p><p class=\"ql-align-justify\">\t值得注意的是，因为受疫情影响，光线去年前三个季度收入和利润表现惨淡，但四季度表现较为突出，国庆档的《姜子牙》上演了“单骑救主”的好戏。2020年光线传媒参与投资、发行或协助推广并计入本报告期票房的影片总票房约为67.87亿元。</p><p class=\"ql-align-justify\">\t今年一季度光线传媒业绩表现突出，一季报显示实现营业收入2.4亿元，同比增长5.98%；净利润1.98亿元，同比增573.14%；基本每股收益0.07元。</p><p class=\"ql-align-justify\">\t光线传媒股价今年走势也比较震荡，年初一路上行至阶段高点14.35元/股，随后大幅下挫，直到4月中旬以来连续拉涨，近十多个交易日从阶段底部10.92元/股涨至13.01元/股，涨幅超19%，今年以来涨了近8%。</p>",
  "updateTIME": "2021年5月01日 23:50",
  "createTIME": "2021年5月01日 23:50",
  "__v": 0,
  "photo_url": "http://nuotasuo.com/image/_20210503154219_1620027752328.png",
  "username": "admin",
  "avatar": "http://nuotasuo.com/avater/avater.png"
},{
  "_id": {
    "$oid": "608fad456114a73118c96bfa"
  },
  "tag": [
    "云顶之弈",
    "S5赛季",
    "游戏"
  ],
  "isOpen": "0",
  "ID": "aid_42960279641620028741715",
  "title": "云顶之弈S5赛季开启，怀念福星还是追求现在的龙族",
  "context": "<blockquote><span style=\"color: rgb(64, 64, 64);\">英雄联盟云顶之弈</span><strong style=\"color: rgb(64, 64, 64);\">S5全新赛季</strong><span style=\"color: rgb(64, 64, 64);\">已经于今天开放，</span><strong style=\"color: rgb(64, 64, 64);\">黎明与黑暗</strong><span style=\"color: rgb(64, 64, 64);\">的对决究竟哪方更强势还需要大家去探索，这次的更新又增加了许多羁绊，同时也多了许多玩法，不知道大家有没有去试一把呢，快去找个适合自己的上分阵容愉快的去上分吧</span></blockquote><p><span style=\"color: rgb(64, 64, 64);\">       不知道大家对上个版本的福星怎么看，S5赛季则是龙族取代了福星，全新的孵蛋机制，只要孵蛋的时间越长，爆出的战利品就越强，不像上个版本的福星连跪才能出好东西，不过我还是比较喜欢福星，福星人福魂，福星才是人上人，更新后我也试了几把龙族，在没有5龙族前爆的基本上都是英雄，5龙族后也很少爆装备，再也不能一局四五个妮蔻了，新赛季才开始一天就已经开始怀念福星了，只怪自己当初没多玩几把福星。</span></p><p><img src=\"http://nuotasuo.com/image/_20210503155414_1620028466877.png\" style=\"display: block; margin: auto;\" width=\"279\"></p><p class=\"ql-align-justify\">\t\t值得一说的是新赛季羁绊基本上都有两个对立面，就像装备一样，有正常的装备，也有被污染的装备，羁绊最明显的就是黎明使者和黑夜使者了，玩法还是很多样化的，一局下来基本上很少能遇到同行，当然龙族除外，也可能是新赛季初，还没有比较热门的玩法。</p><p class=\"ql-align-justify\">\t\t还有就是感觉金铲铲的爆率也增加了，基本上每局都会得到一两把金铲铲，被污染的金铲铲和正常的金铲铲合成可以得到黑暗之力，增加2名英雄上场的同时失败受到的伤害也会翻倍，敢不敢去试一试，用人数去碾压对面。</p><p><img src=\"http://nuotasuo.com/image/_20210503155623_1620028596691.png\" style=\"display: block; margin: auto;\"></p><p class=\"ql-align-justify\">\t\t值得一说的是新赛季羁绊基本上都有两个对立面，就像装备一样，有正常的装备，也有被污染的装备，羁绊最明显的就是黎明使者和黑夜使者了，玩法还是很多样化的，一局下来基本上很少能遇到同行，当然龙族除外，也可能是新赛季初，还没有比较热门的玩法。</p><p class=\"ql-align-justify\">\t\t还有就是感觉金铲铲的爆率也增加了，基本上每局都会得到一两把金铲铲，被污染的金铲铲和正常的金铲铲合成可以得到黑暗之力，增加2名英雄上场的同时失败受到的伤害也会翻倍，敢不敢去试一试，用人数去碾压对面。</p><p class=\"ql-align-justify\"><img src=\"http://nuotasuo.com/image/_20210503155709_1620028661345.png\" style=\"display: block; margin: auto;\"></p><p class=\"ql-align-justify\">\t\t<span style=\"color: rgb(64, 64, 64);\">以上就是本期全部内容了，后续会为大家更新适合上分的阵容，点关注不迷路，祝大家玩的开心。</span></p><p class=\"ql-align-justify\"><br></p><p><br></p>",
  "updateTIME": "2021年5月01日 10:21",
  "createTIME": "2021年5月01日 10:21",
  "__v": 0,
  "photo_url": "http://nuotasuo.com/image/_20210503155827_1620028728426.png"
},{
  "_id": {
    "$oid": "60a0e3592c461e3620b44440"
  },
  "tag": [
    "111",
    "222",
    "333",
    "44444"
  ],
  "isOpen": "0",
  "ID": "aid_99648351431621156697086",
  "username": "Nuota",
  "avatar": "http://nuotasuo.com/avator-default.png",
  "title": "777",
  "context": "<p><img src=\"http://nuotasuo.com/image/1111_1621156687085.png\"></p>",
  "photo_url": "http://nuotasuo.com/image/BasicsBg_1621156694297.png",
  "updateTIME": "2021年5月16日 17:18",
  "createTIME": "2021年5月16日 17:18",
  "__v": 0
},{
  "_id": {
    "$oid": "60a3d6122c461e3620b44443"
  },
  "tag": [
    "1111"
  ],
  "isOpen": "0",
  "ID": "aid_01364154921621349906720",
  "username": "Nuota",
  "avatar": "http://nuotasuo.com/avator-default.png",
  "title": "TTT",
  "context": "<p>1213QEWQD<img src=\"http://nuotasuo.com/image/avator-default1_1621349896625.jpeg\"></p>",
  "photo_url": "http://nuotasuo.com/image/avator-default1_1621349902006.jpeg",
  "updateTIME": "2021年5月18日 22:58",
  "createTIME": "2021年5月18日 22:58",
  "__v": 0
},{
  "_id": {
    "$oid": "60af93630f84951584ac9f02"
  },
  "tag": [
    "特朗普",
    "美国前任总统",
    "奥巴马"
  ],
  "isOpen": "0",
  "ID": "aid_82349926611622119267379",
  "username": "Tom",
  "avatar": "http://nuotasuo.com/image/gukong_1622112492971.jpeg",
  "title": "美国总统卸任后的资产：特朗普身家缩水一半，奥巴马变身亿万富豪",
  "context": "<p class=\"ql-align-justify\">特朗普卸任总统后，有相关数据表明，白宫为任4年，<strong>老特的净资产从45亿美金直降到25亿美金。</strong></p><p class=\"ql-align-justify\">虽说25亿对普通百姓来讲，也是个只可远观的天文数字；但对于抱着堆金积玉目的进入白宫的特朗普来说，<span style=\"color: rgb(255, 186, 18);\">这四年便成了一场蚀了老本的糟心买卖。</span></p><p class=\"ql-align-justify\">反观他的老冤家奥巴马，进入白宫之前只是个身家百万的普通中产；为官8年，仿佛坐上了穿云踏雾的火箭，转身变为亿万富豪。</p><p class=\"ql-align-justify\">看来，特朗普需要向奥巴马取取经，如何用“前任总统”的名气与光环，照亮自己的一片黄金大道。</p><p><img src=\"https://p1-tt.byteimg.com/origin/pgc-image/08f30fb122324f3fae125e7946aa68ff?from=pc\" alt=\"美国总统卸任后的资产：特朗普身家缩水一半，奥巴马变身亿万富豪\" style=\"display: block; margin: auto;\"></p><h1 class=\"ql-align-justify\">黑人中的佼佼者</h1><p class=\"ql-align-justify\">美国的历任总统中，特朗普算是有名的“富二代”。<strong>弃商从政，以权谋利，是政客们玩不腻的把戏。</strong></p><p class=\"ql-align-justify\">特朗普从爷爷辈开始涉猎房地产，父辈已有亿万身家。老特年轻的时候便开车他的凯迪拉克豪车，在纽约的繁华大道上物色各类美女。要知道他的三任老婆，都是他打着富二代的旗号搭讪而来的。</p><p class=\"ql-align-justify\">而特朗普接手家族事业后，更是有了川普大厦和君悦大酒店这样地标性的集团建筑。特朗普家族的声名一度冲上纽约房产界的巅峰。</p><p><img src=\"https://p6-tt.byteimg.com/origin/pgc-image/6d68456b6c424018b7c4b9ac4d84a6b8?from=pc\" alt=\"美国总统卸任后的资产：特朗普身家缩水一半，奥巴马变身亿万富豪\" style=\"display: block; margin: auto;\"></p><p><br></p>",
  "photo_url": "http://nuotasuo.com/image/08f30fb122324f3fae125e7946aa68ff_1622126934013.png",
  "updateTIME": "2021年5月27日 22:48",
  "createTIME": "2021年5月27日 20:41",
  "__v": 0
},{
  "_id": {
    "$oid": "60afa6260f84951584ac9f03"
  },
  "tag": [
    "世预赛",
    "亚洲"
  ],
  "isOpen": "0",
  "ID": "aid_30115296981622124070942",
  "username": "Tom",
  "avatar": "http://nuotasuo.com/image/gukong_1622112492971.jpeg",
  "title": "世预赛亚洲40强积分规则突变 中国队小组出线形势更凶险",
  "context": "<h1 class=\"ql-align-justify\">世预赛亚洲40强积分规则生变，中国队小组出线形势更加堪忧！</h1><p><span style=\"color: rgb(34, 34, 34);\">此话怎讲？且先说说韩联社的一则报道，在朝鲜队退出世预赛40强赛之后，国际足联经过研究，终于出台了一项决定，即朝鲜队所在H小组积分的重新计算方法，根据这个决定，朝鲜队此前参加H组前五轮的比赛成绩全部无效，这一决定带来两方面的形势巨变。</span></p><p><br></p><h1 class=\"ql-align-justify\">第一是涉及H组内积分形势的巨变。</h1><p class=\"ql-align-justify\">H组中唯一战胜过朝鲜队的土库曼斯坦队，原来是以3胜2负积9分的成绩，排在小组第一，如今变为2胜2负积6分，降至H组第三位；而原来2胜2平积8分排在第二的韩国队，此前客场0比0战平朝鲜，去在除朝鲜队成绩后，损失较小，从而以2胜1平积7分的成绩，升至H组第一；此前2胜2平1负积8分的小组第三名黎巴嫩队，则以2胜1平1负积7分，升至H组第二。</p><p class=\"ql-align-justify\">可见在H组内，获益最大的是韩国队，其次是黎巴嫩队，最惨的是土库曼斯坦队。如果这一变化只限于H组内，影响还不大，<strong>可要命的是，国际足联还有一句话是：亚洲区各组在计算小组第二的最终成绩时，其与垫底球队之间的交手成绩将被排除。</strong></p><p class=\"ql-align-justify\">目前，中国队所在A组中，关岛队排名最后，五战皆负，其中输给中国队0比7，现在按照国际足联的最新规定，在最终计算A组成绩时，中国队与关岛队的成绩将被排除，这不仅让中国队此前从关岛队身上取得的7个净胜球被清零，而且也让即将在5月30日举行的中国与关岛一战变成了可有可无的鸡肋。</p><p class=\"ql-align-justify\">另一个潜在的影响是，<strong>由于关岛队实力太弱，中国队能从关岛队身上取得较多的净胜球数，这将使中国队在与其他七个组别第二名竞争时，占据一定的优势，如今这一优势不复存在！</strong>因此可以说，在世预赛亚洲40强赛最后几轮尚未开战之际，国际足联有关朝鲜队退出一事的处理决定，让中国队很受伤。</p><p class=\"ql-align-justify\">这使中国队小组出线的难度进一步加大，眼下中国队除了要保持对马尔代夫队、菲律宾队和叙利亚队三战全胜外，还要在净胜球上，看看其他七个小组第二名的累积情况。</p><p class=\"ql-align-justify\"><strong>其实，在朝鲜队</strong><strong style=\"color: rgb(0, 0, 0);\">宣传退出时，最初亚足联是考虑了三套方案供国际足联选择</strong><span style=\"color: rgb(0, 0, 0);\">：第一是和朝鲜队相关的比赛全算他们0比3输球；第二是朝鲜队剩余比赛都算其0比3失利；第三则是朝鲜队比赛结果取消，其他组第2名在比拼成绩时扣除垫底队的比赛结果。</span></p><p class=\"ql-align-justify\"><span style=\"color: rgb(0, 0, 0);\">前两种方案主要影响的是H组内的积分形式，因为无论怎么算朝鲜队的分数，H组参赛球队名义上仍为5支，这意味着在与其他7个小组第二名的排名竞争中，各组的排名依据并没有发生本质变化。但如果采取了第三种方案，那对中国队的影响就大多了。按照亚足联的规定，8个小组第二名中，成绩最好的4支球队也将获得亚洲12强赛参赛资格。而第三种方案中，8个小组在计算积分时，将只计入4队之间的战绩，即小组最后一名球队的成绩将不被计入积分中，也就是目前国际足联公布的方案。</span></p><p class=\"ql-align-justify\"><span style=\"color: rgb(0, 0, 0);\">在上届世预赛亚洲区40强中，印尼队也曾退赛，当时国际足联和亚足联就采取了第三方案应对，当年也导致中国队需要先排除与同组第五名不丹队的成绩后，再和其他小组第二名球队之间进行比较，国足因此一度险些因净胜球少而无缘亚洲12强赛。这次按照这个方案来进行比较，国足之前对阵关岛队所取得的3分及7个净胜球将全部被排除，这肯定对国足争取以四个成绩最好小组第二名身份出线，增添极大的不确定因素。</span></p><p class=\"ql-align-justify\"><strong>这真是城门失火殃及池鱼，朝鲜足球不靠谱地退出，最终受惩罚的却是中国足球，这都没地方说理去。</strong></p><p class=\"ql-align-justify\"><img src=\"https://nimg.ws.126.net/?url=http%3A%2F%2Fdingyue.ws.126.net%2F2021%2F0524%2F6a800d53j00qtlmwl001nc000hs00bvg.jpg&amp;thumbnail=650x2147483647&amp;quality=80&amp;type=jpg\"></p>",
  "photo_url": "http://nuotasuo.com/image/u=3116702617,2533743965&fm=26&gp=0_1622126617213.jpg",
  "updateTIME": "2021年5月27日 22:43",
  "createTIME": "2021年5月27日 22:01",
  "__v": 0
},{
  "_id": {
    "$oid": "60afa62c0f84951584ac9f04"
  },
  "tag": [
    "马克思主义",
    "中国共产党"
  ],
  "isOpen": "0",
  "ID": "aid_96493163501622124076559",
  "username": "Tom",
  "avatar": "http://nuotasuo.com/image/gukong_1622112492971.jpeg",
  "title": "习近平向世界马克思主义政党理论研讨会致贺信",
  "context": "<p class=\"ql-align-justify\">5月27日，中共中央总书记、国家主席习近平向中共中央对外联络部主办的世界马克思主义政党理论研讨会致贺信。</p><p class=\"ql-align-justify\">习近平表示，马克思主义科学揭示了人类社会发展规律，指明了人类寻求自身解放的道路，推进了人类文明进程，是我们认识世界、改造世界的强大思想武器。今年是中国共产党成立100周年。中国共产党自成立之日起就将马克思主义作为指导思想，坚持马克思主义基本原理和中国具体实际相结合，不断推进马克思主义中国化、时代化、大众化。马克思主义在21世纪的中国焕发出新的生机活力，中国特色社会主义进入了新时代，中华民族开启了伟大复兴的新征程。</p><p class=\"ql-align-justify\">习近平强调，面对当今人类社会面临的共同挑战，世界马克思主义政党应该加强对话交流。中国共产党愿同各国马克思主义政党一道，共同推动人类进步事业，推动构建人类命运共同体。希望与会同志通过深入研讨，汇聚实践智慧，淬炼思想火花，推动马克思主义在21世纪取得新的发展，让马克思主义的真理光芒继续照耀我们的前行之路。</p>",
  "photo_url": "http://nuotasuo.com/image/12312312_1622126794292.jpg",
  "updateTIME": "2021年5月27日 22:46",
  "createTIME": "2021年5月27日 22:01",
  "__v": 0
},{
  "_id": {
    "$oid": "60afa6ab0f84951584ac9f05"
  },
  "tag": [
    "足球",
    "皇马",
    "欧冠",
    "西甲"
  ],
  "isOpen": "0",
  "ID": "aid_40160177511622124203074",
  "username": "Tom",
  "avatar": "http://nuotasuo.com/image/gukong_1622112492971.jpeg",
  "title": "齐达内不再担任皇马主帅 两次执教留下欧冠三连冠+西甲两冠",
  "context": "<p class=\"ql-align-justify\"><strong class=\"ql-size-large\">北京时间5月27日下午，西甲豪门皇马俱乐部官方宣布，齐达内不再担任皇马主帅，这是齐达内第二次从皇马辞职。</strong></p><p class=\"ql-align-justify\">齐达内2018年1月从贝尼特斯手里接过皇马的主帅教鞭，执教一期的两年半里拿到了欧冠三连冠。2013-14赛季，他还作为安切洛蒂的助理教练拿到欧冠。除了欧冠的四座奖杯外，齐达内还在2016-17赛季率队夺得西甲联赛冠军。</p><p class=\"ql-align-justify\"><img src=\"https://p3-tt.byteimg.com/origin/pgc-image/3227d173beef4e52acf09dcc7545a1cc?from=pc\" alt=\"官方：齐达内不再担任皇马主帅 两次执教留下欧冠三连冠+西甲两冠\" style=\"display: block; margin: auto;\"></p><p class=\"ql-align-justify\">2018年5月底，齐达内宣布从皇马辞职。但在第二年的3月，他重回伯纳乌，再次成为皇马主帅。二进宫的第一个完整赛季，齐达内带领皇马力压巴萨夺冠。</p><p class=\"ql-align-justify\">刚刚结束的赛季，由于新冠疫情及财务危机的影响，齐达内带领的皇马只获得联赛亚军。虽然落后同城对手马竞，但仍压倒死敌巴萨。</p><p class=\"ql-align-justify\"><img src=\"https://p1-tt.byteimg.com/origin/pgc-image/fafe727bb7724d598c1344fbf5db27d8?from=pc\" alt=\"官方：齐达内不再担任皇马主帅 两次执教留下欧冠三连冠+西甲两冠\" style=\"display: block; margin: auto;\"></p><p>齐达内和皇马的合同到2022年6月底到期，还有一年时间。但从赛季结束前开始就一直有传闻，齐祖会在本赛季结束后辞职。</p><p>北京时间27日下午，多家西班牙媒体披露，齐达内回到皇马的训练基地，和俱乐部告别。在此之前，法国人已经将自己的决定告知了俱乐部高层和皇马的球员。</p><p>两次执教皇马，齐达内作为主教练给银河战舰留下了三个欧冠冠军奖杯和两个西甲冠军奖杯。</p><p><br></p>",
  "photo_url": "http://nuotasuo.com/image/1111_1622126253050.jpg",
  "updateTIME": "2021年5月27日 22:37",
  "createTIME": "2021年5月27日 22:03",
  "__v": 0
},{
  "_id": {
    "$oid": "60b0244683c3bf12d0cec9b7"
  },
  "tag": [
    "美国",
    "拜登",
    "新冠"
  ],
  "isOpen": "0",
  "ID": "aid_17678255741622156358243",
  "username": "Nuota",
  "avatar": "http://nuotasuo.com/avator-default.png",
  "title": "拜登下令美国90天给出新冠溯源最新分析，我使馆：应彻查散布全球秘密实验室",
  "context": "<p><strong style=\"color: rgb(34, 34, 34);\">据今日俄罗斯电视台(RT) 26日报道，美国总统拜登周三表示，他已经下令让美国情报部门对新冠病毒的溯源问题给出最新的分析。他在一份声明中说，“我已经要求情报部门加倍努力，收集和分析可能让我们更接近最确定结论的信息，并在90天内向我汇报。”他补充说，包括美国国家实验室在内的其他机构也将对这项研究做出贡献。</strong></p><p class=\"ql-align-justify\">美国白宫发言人普萨基此前在周二举行的新闻发布会上重申，华盛顿正依赖世界卫生组织监督下的新冠病毒溯源国际调查。世卫组织此前表示，新冠病毒是自然产生的，从动物身上传播给人类，驳斥了所谓的“实验室泄露”说法。</p><p class=\"ql-align-justify\"><strong>此前，拜登表示在他上任后不久，他就指示国家安全顾问沙利文给情报机构下达任务，让其报告有关新冠病毒来源的最新分析，包括“它是由于人类与受感染动物接触产生的，还是来自实验室事故”。</strong><strong style=\"background-color: rgb(255, 255, 0);\">但这一要求直到3月份才发出。</strong></p><p><span style=\"color: rgb(34, 34, 34);\">关于疫情溯源问题，我们一直主张在基于事实、尊重科学的基础上开展国际合作，以更好地应对人类未来的突发重大疫情。如果将疫情溯源的科学问题政治化，不仅很难找到病毒源头，还会让“政治病毒”蔓延肆虐，让国际防疫合作举步维艰。从对人类卫生健康负责出发，我们支持对全球各地发现的所有新冠疫情早期病例进行全面核查，对某些散布全球又往往秘而不宣的基地、生物实验室等进行彻查，而且要“完全、透明、基于证据”地一查到底，查个清清楚楚、明明白白。</span></p>",
  "photo_url": "http://nuotasuo.com/image/762b815d719f45ef8ec4949fa7d48ac8_1622156328734.jpg",
  "updateTIME": "2021年5月28日 06:59",
  "createTIME": "2021年5月28日 06:59",
  "__v": 0
},{
  "_id": {
    "$oid": "60b0251483c3bf12d0cec9b8"
  },
  "tag": [
    "央行",
    "纸币",
    "数字化"
  ],
  "isOpen": "0",
  "ID": "aid_12486135381622156564703",
  "username": "Nuota",
  "avatar": "http://nuotasuo.com/avator-default.png",
  "title": "央行推出“数字人民币”，为什么有那么多人抵制？纸币会消失吗？",
  "context": "<p class=\"ql-align-justify\">进入21世纪以来，互联网信息技术的发展非常快速。而随着微信、支付宝这样的移动支付App的出现，人们在日常生活中已经不常使用现金进行消费了。但是人民币依旧是我国的法定货币，它本身的地位是不能被取代的。</p><p class=\"ql-align-justify\">而随着数字化的普及，央行推行了新版的“数字人民币”，但是似乎并不是所有人都喜欢数字人民币。那么为什么会有那么多人抵制？纸币会消失吗？</p><h1 class=\"ql-align-justify\">数字人民币推出以后，引起了社会舆论的广泛反响</h1><p class=\"ql-align-justify\">根据目前所公布的消息来看，<span style=\"background-color: rgb(255, 208, 94);\">数字人民币并不会第一时间就推广到全中国的范围内。虽然数字人民币是由央行所发行的法定货币，但是目前也只是在几个试点城市运行</span>。</p><p class=\"ql-align-justify\">不过已经有一些网民在社交媒体上，或者是其他的场合表示数字人民币本身是没有存在必要的，这甚至有可能会对现在的货币体系带来危险。而且民众们广泛地认为这种数字货币在安全性方面是得不到保障的。</p><p><img src=\"https://p6-tt.byteimg.com/origin/pgc-image/55017a97669548f8be05abfc4fc7b2ab?from=pc\" alt=\"央行推出“数字人民币”，为什么有那么多人抵制？纸币会消失吗？\" style=\"display: block; margin: auto;\"></p><h1 class=\"ql-align-justify\">数字版人民币的出现，并不代表着纸币的消失</h1><p class=\"ql-align-justify\">数字版人民币的出现并不是很多人想的那样，代表着纸币的消失。数字版人民币显然是未来发展的一个必然趋势，因为随着国家的经济、技术的发展，通过移动支付的方式是未来，因为它更方便效率更高，也更符合未来社会，这是未来信息化发展的一个必然趋势。</p><p class=\"ql-align-justify\">以后的人们不可能身上拿着好几万的纸币出去消费，其实拿着大量纸币的方式才更加不安全，因为你拿着这么多钱出去，不一定会遇到什么意外。但是数字货币只需要一部手机就可以完成一切消费。</p><p class=\"ql-align-justify\">但是纸币完全消失，暂时也是不可能的。毕竟目前的移动支付暂时还只能在中国国内大范围的推行，而在国际贸易角度来看，现金支付或者是银行直接转账才更普遍。纸币的存在是有着其必然性的，现在还不到纸币彻底消失的时候。所以数字版人民币的推广虽然是未来的一个必然趋势，但是<span style=\"background-color: rgb(255, 208, 94);\">纸币就算会消失，也同样是一个十分漫长的过程。所以大家不用担心数字版人民币会在短时间内完全取代纸币</span>。</p><h1 class=\"ql-align-justify\">结语</h1><p class=\"ql-align-justify\">大家要理智地看待新版的数字货币，并且考虑自己是否使用。毕竟国家只是推出数字货币，并没有禁止民众使用支付宝和微信。政府的政策一般都会广泛地考虑民意，以及当前的社会现实，很少会出现一刀切或者是强制要求，毕竟类似政策的社会影响不好，还可能出现反效果。</p><p class=\"ql-align-justify\">未来央行的数字货币究竟会如何发展，我们现在都说不清楚。究竟什么时候会在全国范围内推行，或者是否可以成功地在全国范围内推行，最主要的还是要看几个试点城市的适用性，是否可以达到央行的预期。</p>",
  "photo_url": "http://nuotasuo.com/image/785845c4101d43828261afbfb7230471_1622156561873.jpg",
  "updateTIME": "2021年5月28日 07:02",
  "createTIME": "2021年5月28日 07:02",
  "__v": 0
},{
  "_id": {
    "$oid": "60b0262e83c3bf12d0cec9b9"
  },
  "tag": [
    "德罗巴",
    "足球"
  ],
  "isOpen": "0",
  "ID": "aid_62984664241622156846602",
  "username": "Nuota",
  "avatar": "http://nuotasuo.com/avator-default.png",
  "title": "德罗巴的影响力有多大？仅仅参加一场球赛，就让国家结束了内战",
  "context": "<p><strong style=\"color: rgb(34, 34, 34);\">在非洲，在科特迪瓦，魔兽德罗巴绝对是一个巨无霸。走在街头，记者可以看见很多年轻人模仿德罗巴的穿着打扮。每到世界杯，一大帮球迷身穿他的球服，高呼他的名字。那一刻，德罗巴代表的是家乡两千多万的黑人同胞。</strong></p><p><em style=\"color: rgb(34, 34, 34);\">跟许多人不同，德罗巴家境甚好。父亲母亲都是一位银行职员，收入可观。在七十年代，科特迪瓦也靠着可可和咖啡出口，成为非洲经济发展最快的国家。然而到了八十年代，大举外债的科特迪瓦遭遇经济危机，很多公司倒闭。受此牵连，魔兽父母下岗。为了给孩子一个好的未来，家人恳求远在法国的亲戚伸出援助之手。十一岁那年，一家人搬迁到了法国。</em></p><p><span style=\"color: rgb(34, 34, 34);\">在法兰西，家人一直希望德罗巴考个会计师证书，然后回老家，做个银行职员。可是德罗巴志在踢球，甚至还在一家业余俱乐部接受训练。为了家人，德罗巴只好妥协，一边读书，一边训练。直到21岁，德罗巴大学毕业，他才开始接受系统的足球训练。他与法国甘冈俱乐部签下的第一份合同仅8万欧元。可这也让魔兽意识到，足球是可以养家糊口的。第三年后，马赛上门，出价800万欧元。也就是24岁起，德罗巴展示出球星风范。</span></p><p class=\"ql-align-justify\">第一个让国家停止内战的是贝利。当年贝利来到尼日利亚踢表演赛，政府军和反叛军达成协议，双方停火48小时，因为大家都要看球王踢球。贝利之后，德罗巴紧随其后。在二十一世纪初期，科特迪瓦陷入内战，双方火拼。在25岁那年，也就是2005年10月8日，科特迪瓦战胜苏丹，获得世界杯入场券。赛后，表现出色的德罗巴把电视台记者请进更衣室，然后对着镜头，他下跪了。他发出恳求，希望双方能够重新回到谈判桌前。队友见状，也是纷纷下跪。<strong style=\"background-color: rgb(255, 255, 0);\">这一跪惊呆了整个国家</strong>。</p><p class=\"ql-align-justify\">在2007年，德罗巴荣获非洲足球先生，总统亲自颁奖。在接过奖牌的那一刻，德罗巴用深情的口吻对总统说，“希望您能以您的特殊身份，将下一场非洲国家杯预赛安排在反叛军占领的布尔凯地区举行，这是不容错过的最好和解机会。”政府经过再三考虑，接受建议。在2007年7月，德罗巴率领科特迪瓦踏上叛军地盘布尔凯球场，他们大胜来访的马达加斯加，200名政府军和当地两万多名球迷一起加油。随后拜访反叛军首领索罗的办公室，魔兽亲自赠予对方一双球鞋，球鞋上面写了一句标语：<strong style=\"background-color: rgb(255, 255, 0);\">为了和平而团结</strong>。一年之后，科特迪瓦五年内战结束。</p><p><span style=\"color: rgb(34, 34, 34);\">在职业生涯中，魔兽走南闯北，从法甲杀到英超，又从中国踢到土耳其。后面几年，将近四十岁的他又去到了美利坚。他在那里买下一支球队，还做起球员。在2018年，四十岁的魔兽宣告退役。那个曾经让无数后卫胆寒的黑硬汉正式退隐江湖。不过，尽管斯人已去，但传说依旧。</span><span style=\"color: rgb(34, 34, 34); background-color: rgb(255, 255, 0);\">德罗巴被《时代》杂志评为世界最有影响力的100位人物之一，《世界体育报》也以非洲斗士称之。</span></p>",
  "photo_url": "http://nuotasuo.com/image/1ce87a462d09447d97a3e5a4961c26e2_1622156844212.png",
  "updateTIME": "2021年5月28日 08:07",
  "createTIME": "2021年5月28日 07:07",
  "__v": 0
},{
  "_id": {
    "$oid": "60b027fe83c3bf12d0cec9c4"
  },
  "tag": [
    "NBA",
    "AJ",
    "詹姆斯"
  ],
  "isOpen": "0",
  "ID": "aid_56213874791622157310939",
  "username": "Jack",
  "avatar": "http://nuotasuo.com/image/sdfgsegertred.jpg",
  "title": "NBA禁止穿戴的装备：詹姆斯戴黑色面具被禁，AJ1禁穿成传奇故事",
  "context": "<p><strong style=\"color: rgb(51, 51, 51);\"><em>NBA比赛中不少球员都有自己喜爱的装备，比如有的球员钟爱发带、有的球员喜爱穿紧身衣、上世纪有不少球员喜欢戴护目镜。但是，有些装备并不是球员想穿就能穿的，联盟高层对于这些装备有着严格的规定，比如这些装备，就曾被联盟明令禁止。</em></strong></p><p><img src=\"https://p6-tt.byteimg.com/origin/pgc-image/6cd4ed6561704f2d9b9e1f06dabe880c?from=pc\" alt=\"NBA禁止穿戴的装备：詹姆斯戴黑色面具被禁，AJ1禁穿成传奇故事\" width=\"334\"></p><p><span style=\"color: rgb(51, 51, 51);\">前两年联盟兴起一股忍者式发带的浪潮，之前棉质圆环的发带逐渐过时，因此不少人选择佩戴这种系带式的发带，比如当年的哈雷尔，就是忍者式发带的忠实拥趸（dun）。后面不少NBA球星，比如詹姆斯、威少也开始佩戴这个新型发带。不过这个发带没火多久，</span><span style=\"color: rgb(51, 51, 51); background-color: rgb(250, 204, 204);\">就被总裁肖华给禁止，理由是防止忍者文化入侵NBA，哈雷尔在听到这个理由后也是直呼荒唐。</span></p><p><img src=\"https://p6-tt.byteimg.com/origin/pgc-image/f86f430a4e9041b0afeab4a9efc0bb40?from=pc\" alt=\"NBA禁止穿戴的装备：詹姆斯戴黑色面具被禁，AJ1禁穿成传奇故事\"></p><p class=\"ql-align-justify\"><span style=\"background-color: rgb(255, 255, 102); color: rgb(51, 51, 51);\">除了这些面部的装备外，NBA对于球鞋也是十分的严格</span><span style=\"color: rgb(51, 51, 51);\">，在18赛季之前，NBA官方只允许球星根据球衣的配色搭配球鞋，不允许穿红球衣、搭配蓝鞋的形象。而更早之前，NBA对于球鞋的颜色更为严格，只允许球员穿着黑白灰三种颜色的球鞋。而当年签约耐克的乔丹，穿着的首代签名鞋AJ1由于大胆的红黑配色就受到联盟警告，每穿一场都要受到罚款。而耐克公司灵机一动把这个当成变向的宣传广告，AJ1禁穿也成为鞋圈的传奇故事。</span></p><p class=\"ql-align-justify\"><img src=\"https://p6-tt.byteimg.com/origin/pgc-image/da9446a8dea44a638c706d8bb6aa7cdc?from=pc\" alt=\"NBA禁止穿戴的装备：詹姆斯戴黑色面具被禁，AJ1禁穿成传奇故事\" width=\"304\"></p><p class=\"ql-align-justify\"><span style=\"color: rgb(51, 51, 51);\">但是，如果说上面联盟的禁令有些许严格的话，那么当年APL科技鞋被禁止进入NBA就是一个明智之举了。</span><span style=\"color: rgb(51, 51, 51); background-color: rgb(204, 224, 245);\">当时APL出品的篮球鞋据说中底有实打实的弹簧，穿上之后能够让球员增加5-10厘米的弹跳，完完全全的作弊工具。</span><span style=\"color: rgb(51, 51, 51);\">而由于谁也没有办法保证这双鞋是否有安全隐患，于是NBA官方便明令禁止球员穿着这双鞋进入赛场。 </span></p>",
  "photo_url": "http://nuotasuo.com/image/f86f430a4e9041b0afeab4a9efc0bb40_1622157307337.jpg",
  "updateTIME": "2021年5月28日 07:35",
  "createTIME": "2021年5月28日 07:15",
  "__v": 0
},{
  "_id": {
    "$oid": "60b0290b83c3bf12d0cec9c9"
  },
  "tag": [
    "巴萨",
    "德佩",
    "阿圭罗"
  ],
  "isOpen": "0",
  "ID": "aid_62622966781622157579877",
  "username": "Nuota",
  "avatar": "http://nuotasuo.com/avator-default.png",
  "title": "巴萨已免签阿圭罗等三人，下个目标是德佩",
  "context": "<p class=\"ql-align-justify\"><strong>据西班牙电视节目Gol报道，巴萨免签维纳尔杜姆、阿圭罗和埃里克-加西亚的交易已经完成，接下来他们的目标是免签德佩</strong>。</p><p class=\"ql-align-justify\"><span style=\"color: rgb(34, 34, 34);\"><img src=\"https://p1-tt.byteimg.com/origin/pgc-image/SYZPickFPLqJhu?from=pc\" alt=\"西媒：巴萨已免签阿圭罗等三人，下个目标是德佩\"></span>由于财政问题严重，巴萨今夏只能依靠免签手段来补强球队。维纳尔杜姆、阿圭罗和埃里克-加西亚这三名合同6月到期的球员，都被传将自由转会加盟巴萨。</p><p class=\"ql-align-justify\"><span style=\"background-color: rgb(255, 255, 102);\">Gol表示，巴萨现在已经敲定了这三笔交易，接下来他们将追求里昂前锋德佩，德佩的合同也将在今年6月到期，巴萨有望在一个夏窗0转会费引进4名强援。</span></p><p><br></p>",
  "photo_url": "http://nuotasuo.com/image/SYZPickFPLqJhu_1622157577492.jpg",
  "updateTIME": "2021年5月28日 07:19",
  "createTIME": "2021年5月28日 07:19",
  "__v": 0
},{
  "_id": {
    "$oid": "60b02a4183c3bf12d0cec9cf"
  },
  "tag": [],
  "isOpen": "0",
  "ID": "aid_52763665481622157889637",
  "username": "Jack",
  "avatar": "http://nuotasuo.com/image/sdfgsegertred.jpg",
  "title": "张翰、郭麒麟，谢谢你俩让观众知道了这档真人秀原来这么假",
  "context": "<p class=\"ql-align-justify\">对于喜欢张翰的观众来说真的是有福了，因为现在有好几档他的综艺同时播出。</p><p class=\"ql-align-justify\">《妻子的浪漫旅行》、《初入职场的我们》两档节目张翰都让观众看到了他的高情商。</p><p class=\"ql-align-justify\">最新开播的《五十公里桃花坞》依然有张翰的身影。</p><p class=\"ql-align-justify\">不过，首播最热的话题居然是宋丹丹追问张翰代表作这件事。</p><p class=\"ql-align-justify\"><img src=\"https://p1-tt.byteimg.com/origin/pgc-image/0338e5295550424e9f19b355c85e866b?from=pc\" alt=\"张翰、郭麒麟，谢谢你俩让观众知道了这档真人秀原来这么假\"></p><p class=\"ql-align-justify\">要说这件事到底怪谁，真的是公说公有理婆说婆有理，可以说没有衡量标准。</p><p class=\"ql-align-justify\">对于宋丹丹来说，他这个自我介绍的话题本身就是有问题的。</p><p class=\"ql-align-justify\">试问在座的十五人当中，有谁能说自己有什么成就呢？</p><p class=\"ql-align-justify\">张翰的代表作《一起去看流星雨》算成就吗？汪苏泷的《小星星》算成就吗？</p><p class=\"ql-align-justify\">为什么张翰和汪苏泷一直被宋丹丹追问都不愿意说，因为他们觉得这不能算成就。</p><p class=\"ql-align-justify\"><img src=\"https://p6-tt.byteimg.com/origin/pgc-image/ec885d6d61e74e4f8e5ed154749d113a?from=pc\" alt=\"张翰、郭麒麟，谢谢你俩让观众知道了这档真人秀原来这么假\"></p><p class=\"ql-align-justify\">汪苏泷一直开玩笑说大家都是靠颜值的，其实这不仅是在给他和张翰圆场，更是给很多人找了一个不错的台阶。</p><p class=\"ql-align-justify\">毕竟现在的娱乐圈确实有很多人都是靠选秀出圈的，甚至说根本就没有什么实力。</p><p class=\"ql-align-justify\">这次的自我介绍宋丹丹是只对张翰较真了，要不然有些人别说代表作了，连作品都没有。</p><p class=\"ql-align-justify\">然而，对于张翰来说，他又何尝不是较真呢？</p><p class=\"ql-align-justify\">再怎么说宋丹丹也是圈内的前辈，随便说两个自己的作品就行了，又何必一定要硬刚呢？</p><p class=\"ql-align-justify\"><img src=\"https://p1-tt.byteimg.com/origin/pgc-image/92beb0cb824a49a99eb668d08d00e843?from=pc\" alt=\"张翰、郭麒麟，谢谢你俩让观众知道了这档真人秀原来这么假\"></p><p class=\"ql-align-justify\">其实张翰这种性格也挺好的，最起码不装，非常的真实。</p><p class=\"ql-align-justify\">对于真人秀节目来说，最重要的不就是一个“真”字吗？</p><p class=\"ql-align-justify\">然而，现在的很多真人秀节目还真的没有那么真，比如《五十公里桃花坞》。</p><p class=\"ql-align-justify\"><strong>张翰，谢谢你让观众知道了这档真人秀原来这么假。</strong></p><p class=\"ql-align-justify\"><img src=\"https://p3-tt.byteimg.com/origin/pgc-image/fe80028a82114831ae70ca09e3c76c23?from=pc\" alt=\"张翰、郭麒麟，谢谢你俩让观众知道了这档真人秀原来这么假\"></p><p class=\"ql-align-justify\"><strong>第一，邀请人的环节很假。</strong></p><p class=\"ql-align-justify\">在首期的节目中，宋丹丹、舒淇、郭麒麟三位是桃花坞的第一批村民，接下来的人有些是通过他们邀请而来的。</p><p class=\"ql-align-justify\">张翰是由郭麒麟邀请而来的，但是他却说自己当时拒绝了郭麒麟，现在来参加节目不是因为任何人的邀约，只是导演组请他去工作的。</p><p class=\"ql-align-justify\">话说张翰这不是明摆着说邀请人的环节是假的吗？其实大家来录制节目都是节目组邀请的。</p><p class=\"ql-align-justify\"><img src=\"https://p1-tt.byteimg.com/origin/pgc-image/9bf7fa22b01644e789db137f3b092bcf?from=pc\" alt=\"张翰、郭麒麟，谢谢你俩让观众知道了这档真人秀原来这么假\"></p><p class=\"ql-align-justify\">其实这一点不只是张翰这里有体现，汪苏泷身上也体现得淋漓尽致。</p><p class=\"ql-align-justify\">大家可以看到，汪苏泷是宋丹丹邀请来的，但是话说回来，这真实吗？</p>",
  "photo_url": "http://nuotasuo.com/image/92beb0cb824a49a99eb668d08d00e843_1622157887793.jpg",
  "updateTIME": "2021年5月28日 07:24",
  "createTIME": "2021年5月28日 07:24",
  "__v": 0
},{
  "_id": {
    "$oid": "60b02b6883c3bf12d0cec9d4"
  },
  "tag": [
    "A股",
    "财经",
    "全球财经"
  ],
  "isOpen": "0",
  "ID": "aid_00004144441622158184492",
  "username": "Nuota",
  "avatar": "http://nuotasuo.com/avator-default.png",
  "title": "A股全球排名第一的优质公司名单",
  "context": "<p class=\"ql-align-justify\">A股各行业龙头股汇总</p><p class=\"ql-align-justify\">云南白药:中药第一民族品牌国产牙膏第一品牌</p><p class=\"ql-align-justify\">马应龙:痔疮第一药</p><p class=\"ql-align-justify\">海螺水泥:水泥行业第</p><p class=\"ql-align-justify\">苏宁云商:连锁家电行业第一,国内上市公司电商龙头</p><p class=\"ql-align-justify\">海康威视:国内安防龙头企业</p><p class=\"ql-align-justify\">鱼跃医疗:医疗器械龙头</p><p class=\"ql-align-justify\">万达电影:国内电影院第一品牌</p><p class=\"ql-align-justify\">恒顺醋业:四大名醋之一,唯一A股上市老字号醋业公司</p><p class=\"ql-align-justify\">双汇发展:国内肉制品行业第</p><p class=\"ql-align-justify\">爱尔眼科:眼科医疗城头</p><p class=\"ql-align-justify\">顺丰控股:国内快递行业龙头</p><p class=\"ql-align-justify\">上海家化:国内上市公司日化护理第</p><p class=\"ql-align-justify\">新和成:国内最大的维生素A和维生素E生产商</p><p class=\"ql-align-justify\">伟星股份:世界最大的纽扣生产企业之</p><p class=\"ql-align-justify\">华邦制药:国内皮肤病领域龙头企业</p><p class=\"ql-align-justify\">华兰生物:国内血液制品行业龙头企业</p><p class=\"ql-align-justify\">大族激光:亚洲最大激光加工设备生产商</p><p class=\"ql-align-justify\">传化智联:国内纺织印染助剂龙头企业</p><p class=\"ql-align-justify\">科华生物:国内体外临床诊断行业龙头企业</p><p class=\"ql-align-justify\">思源电气:国内最大电力保护设备消弧线圈生产商</p><p class=\"ql-align-justify\">达安基因:国内核酸诊断试剂领域领先者</p><p class=\"ql-align-justify\">巨轮股份:国内汽车子午线轮胎活络模具龙头企业</p><p class=\"ql-align-justify\">登海种业:国内玉米种子繁育推广一体化龙头企业头</p><p class=\"ql-align-justify\"><br></p><p class=\"ql-align-justify\">国光电器:国内音响行业龙头企业</p><p class=\"ql-align-justify\">轴研科技:国内航天特种轴承行业龙头企业</p><p class=\"ql-align-justify\">宁波华翔:国内汽车内饰件龙头企业</p><p class=\"ql-align-justify\">横店东磁:全球最大的磁体生产企业之</p><p class=\"ql-align-justify\">远光软件:国内电力财务软件龙头企业</p><p class=\"ql-align-justify\">软控股份:国内论坛橡胶行业软件龙头企业</p><p class=\"ql-align-justify\">中材科技:国内特种纤维复合材料行业龙头企业</p><p class=\"ql-align-justify\">金智科技:国内电气自动化设备行业龙头企业</p><p class=\"ql-align-justify\">江苏国泰:国内锂离子电池电解液行业龙头企业</p><p class=\"ql-align-justify\">青岛金王:国内最大蜡烛制造商</p><p class=\"ql-align-justify\">浔兴股份:国内拉链行业龙头企业</p><p class=\"ql-align-justify\">广东鸿途:国内纸制品文具行业龙头企业</p><p class=\"ql-align-justify\">恒宝股份:国内智能卡行业龙头企业</p><p class=\"ql-align-justify\">信隆实业:国内彩色滤光片行业龙头企业</p><p class=\"ql-align-justify\">威海广泰:国内航空地面设备行业龙头企业</p><p class=\"ql-align-justify\">东港股份:国内规模最大商业票据印刷企业</p><p class=\"ql-align-justify\">康强电子:国内最大塑封引线框架生产基地</p><p class=\"ql-align-justify\">新海股份:师姐第四大塑料打火机制造商</p><p class=\"ql-align-justify\">科陆电子:国内用电采集系统领域龙头企业</p><p class=\"ql-align-justify\">荣信股份:国内最大大功率电力电子装生产企业</p><p class=\"ql-align-justify\">湘潭电化:国内最大点解二氧化锰生产商</p><p class=\"ql-align-justify\">银轮股份:国内最大机油冷却器生产商</p><p class=\"ql-align-justify\">沃尔核材:国内热缩材料行业龙头企业</p><p class=\"ql-align-justify\">利欧股份:国内最大的微型小型水泵制造商</p><p class=\"ql-align-justify\">东华科技:国内煤化工细分行业龙头企业</p><p class=\"ql-align-justify\">蓉胜超微:国内最大微细漆包线生产商</p><p class=\"ql-align-justify\">宏达高科:国内汽车顶棚面料龙头企业</p><p class=\"ql-align-justify\">拓邦股份:国内最大微波炉控制板生产商</p><p><br></p>",
  "photo_url": "http://nuotasuo.com/image/dsfgdsfgdsfg2342_1622158182407.jpg",
  "updateTIME": "2021年5月28日 07:29",
  "createTIME": "2021年5月28日 07:29",
  "__v": 0
},{
  "_id": {
    "$oid": "60b02c0583c3bf12d0cec9d5"
  },
  "tag": [
    "格力",
    "驱蚊",
    "驱蚊专利"
  ],
  "isOpen": "0",
  "ID": "aid_32687884051622158341502",
  "username": "admin",
  "avatar": "http://nuotasuo.com/avater/avater.png",
  "title": "格力获驱蚊专利授权",
  "context": "<p><span style=\"color: rgb(34, 34, 34);\" class=\"ql-size-large\">        36氪获悉，天眼查App显示，5月25日，</span><strong style=\"color: rgb(34, 34, 34); background-color: rgb(255, 255, 102);\" class=\"ql-size-large\">珠海格力电器股份有限公司获得“驱蚊方法、存储介质、驱蚊控制装置及驱蚊系统”专利授权</strong><span style=\"color: rgb(34, 34, 34);\" class=\"ql-size-large\">，公告号CN111034703B，申请日期为2019年12月。专利摘要显示，本发明能够智能化识别蚊虫以及蚊虫的分布状况，并且根据室内的蚊虫的分布状况自动调节驱蚊装置的驱蚊模式，进行合理地驱蚊，达到节能安全的效果，使得用户获得更加舒适的睡眠效果，大幅度提高用户的体验效果。</span></p>",
  "photo_url": "http://nuotasuo.com/image/345drsgdfg345324_1622158340152.jpg",
  "updateTIME": "2021年5月28日 07:32",
  "createTIME": "2021年5月28日 07:32",
  "__v": 0
}]