[{
  "_id": {
    "$oid": "60af3e835af8fb214c87013b"
  },
  "artid": "aid_56943950271622095896075",
  "title": "测试",
  "name": "Tom",
  "comment": "111",
  "headImg": "http://nuotasuo.com/wximage/16220214980.jpg",
  "time": "2021年5月27日 14:38",
  "reply": [],
  "__v": 0
},{
  "_id": {
    "$oid": "60af3e845af8fb214c87013c"
  },
  "artid": "aid_56943950271622095896075",
  "title": "测试",
  "name": "Tom",
  "comment": "222",
  "headImg": "http://nuotasuo.com/wximage/16220214980.jpg",
  "time": "2021年5月27日 14:39",
  "reply": [],
  "__v": 0
},{
  "_id": {
    "$oid": "60af3f14e421405410528d22"
  },
  "artid": "aid_69204138171622021193649",
  "title": "111",
  "name": "Tom",
  "comment": "222",
  "headImg": "http://nuotasuo.com/wximage/16220214980.jpg",
  "time": "2021年5月27日 14:41",
  "reply": [],
  "__v": 0
},{
  "_id": {
    "$oid": "60af3f36e421405410528d23"
  },
  "artid": "aid_69204138171622021193649",
  "title": "111",
  "name": "Tom",
  "comment": "222",
  "headImg": "http://nuotasuo.com/wximage/16220214980.jpg",
  "time": "2021年5月27日 14:41",
  "reply": [],
  "__v": 0
},{
  "_id": {
    "$oid": "60af3f6e61e62a4f0c7440e7"
  },
  "artid": "aid_69204138171622021193649",
  "title": "111",
  "name": "Tom",
  "comment": "222",
  "headImg": "http://nuotasuo.com/wximage/16220214980.jpg",
  "time": "2021年5月27日 14:42",
  "reply": [],
  "__v": 0
},{
  "_id": {
    "$oid": "60af3f6f61e62a4f0c7440e8"
  },
  "artid": "aid_69204138171622021193649",
  "title": "111",
  "name": "Tom",
  "comment": "333",
  "headImg": "http://nuotasuo.com/wximage/16220214980.jpg",
  "time": "2021年5月27日 14:42",
  "reply": [],
  "__v": 0
},{
  "_id": {
    "$oid": "60afd5940f84951584ac9f08"
  },
  "artid": "aid_40160177511622124203074",
  "title": "齐达内不再担任皇马主帅 两次执教留下欧冠三连冠+西甲两冠",
  "name": "Tom",
  "comment": "一级评论",
  "headImg": "http://nuotasuo.com/image/gukong_1622112492971.jpeg",
  "time": "2021年5月28日 01:23",
  "reply": [
    {
      "_id": {
        "$oid": "60afdce00f84951584ac9f0c"
      },
      "fromwho": "admin",
      "towho": "Tom",
      "fromHeadImg": "http://nuotasuo.com/avater/avater.png",
      "comment": "二级",
      "time": "2021年5月28日 01:54",
      "isdirect": true
    },
    {
      "_id": {
        "$oid": "60afdce40f84951584ac9f0d"
      },
      "fromwho": "admin",
      "towho": "admin",
      "fromHeadImg": "http://nuotasuo.com/avater/avater.png",
      "comment": "测试",
      "time": "2021年5月28日 01:54",
      "isdirect": false
    },
    {
      "_id": {
        "$oid": "60afdcee0f84951584ac9f0e"
      },
      "fromwho": "Tom",
      "towho": "admin",
      "fromHeadImg": "http://nuotasuo.com/image/gukong_1622112492971.jpeg",
      "comment": "测试而",
      "time": "2021年5月28日 01:54",
      "isdirect": false
    },
    {
      "_id": {
        "$oid": "60afdcf50f84951584ac9f0f"
      },
      "fromwho": "Tom",
      "towho": "Tom",
      "fromHeadImg": "http://nuotasuo.com/image/gukong_1622112492971.jpeg",
      "comment": "二级",
      "time": "2021年5月28日 01:55",
      "isdirect": true
    }
  ],
  "__v": 0
},{
  "_id": {
    "$oid": "60afd59e0f84951584ac9f09"
  },
  "artid": "aid_40160177511622124203074",
  "title": "齐达内不再担任皇马主帅 两次执教留下欧冠三连冠+西甲两冠",
  "name": "admin",
  "comment": "一级评论",
  "headImg": "http://nuotasuo.com/avater/avater.png",
  "time": "2021年5月28日 01:23",
  "reply": [],
  "__v": 0
},{
  "_id": {
    "$oid": "60afd5a80f84951584ac9f0a"
  },
  "artid": "aid_40160177511622124203074",
  "title": "齐达内不再担任皇马主帅 两次执教留下欧冠三连冠+西甲两冠",
  "name": "james",
  "comment": "一级评论",
  "headImg": "http://nuotasuo.com/image/u%3D3717120934%2C3932520698%26fm%3D26%26gp%3D0.jpg",
  "time": "2021年5月28日 01:23",
  "reply": [],
  "__v": 0
},{
  "_id": {
    "$oid": "60afd5b70f84951584ac9f0b"
  },
  "artid": "aid_40160177511622124203074",
  "title": "齐达内不再担任皇马主帅 两次执教留下欧冠三连冠+西甲两冠",
  "name": "Jack",
  "comment": "一级评论",
  "headImg": "http://nuotasuo.com/image/sdfgsegertred.jpg",
  "time": "2021年5月28日 01:24",
  "reply": [],
  "__v": 0
},{
  "_id": {
    "$oid": "60b0267083c3bf12d0cec9bb"
  },
  "artid": "aid_62984664241622156846602",
  "title": "德罗巴的影响力有多大？仅仅参加一场球赛，就让国家结束了内战",
  "name": "Nuota",
  "comment": "为了和平而团结！",
  "headImg": "http://nuotasuo.com/avator-default.png",
  "time": "2021年5月28日 07:08",
  "reply": [
    {
      "_id": {
        "$oid": "60b026af83c3bf12d0cec9bf"
      },
      "fromwho": "admin",
      "towho": "Nuota",
      "fromHeadImg": "http://nuotasuo.com/avater/avater.png",
      "comment": "和平！",
      "time": "2021年5月28日 07:09",
      "isdirect": true
    },
    {
      "_id": {
        "$oid": "60b026e983c3bf12d0cec9c1"
      },
      "fromwho": "Jack",
      "towho": "admin",
      "fromHeadImg": "http://nuotasuo.com/image/sdfgsegertred.jpg",
      "comment": "世界名画",
      "time": "2021年5月28日 07:10",
      "isdirect": false
    },
    {
      "_id": {
        "$oid": "60b03c7683c3bf12d0cec9e0"
      },
      "fromwho": "Nuota",
      "towho": "admin",
      "fromHeadImg": "http://nuotasuo.com/avator-default.png",
      "comment": "22",
      "time": "2021年5月28日 08:42",
      "isdirect": false
    }
  ],
  "__v": 0
},{
  "_id": {
    "$oid": "60b0267a83c3bf12d0cec9bc"
  },
  "artid": "aid_62984664241622156846602",
  "title": "德罗巴的影响力有多大？仅仅参加一场球赛，就让国家结束了内战",
  "name": "Nuota",
  "comment": "非洲斗士！",
  "headImg": "http://nuotasuo.com/avator-default.png",
  "time": "2021年5月28日 07:08",
  "reply": [
    {
      "_id": {
        "$oid": "60b026ca83c3bf12d0cec9c0"
      },
      "fromwho": "admin",
      "towho": "Nuota",
      "fromHeadImg": "http://nuotasuo.com/avater/avater.png",
      "comment": "影响力前100",
      "time": "2021年5月28日 07:10",
      "isdirect": true
    },
    {
      "_id": {
        "$oid": "60b026f383c3bf12d0cec9c2"
      },
      "fromwho": "Jack",
      "towho": "Nuota",
      "fromHeadImg": "http://nuotasuo.com/image/sdfgsegertred.jpg",
      "comment": "不得不赞同",
      "time": "2021年5月28日 07:10",
      "isdirect": true
    }
  ],
  "__v": 0
},{
  "_id": {
    "$oid": "60b0269583c3bf12d0cec9bd"
  },
  "artid": "aid_62984664241622156846602",
  "title": "德罗巴的影响力有多大？仅仅参加一场球赛，就让国家结束了内战",
  "name": "admin",
  "comment": "非洲斗士！",
  "headImg": "http://nuotasuo.com/avater/avater.png",
  "time": "2021年5月28日 07:09",
  "reply": [
    {
      "_id": {
        "$oid": "60b0270683c3bf12d0cec9c3"
      },
      "fromwho": "Jack",
      "towho": "admin",
      "fromHeadImg": "http://nuotasuo.com/image/sdfgsegertred.jpg",
      "comment": "！！！",
      "time": "2021年5月28日 07:11",
      "isdirect": true
    }
  ],
  "__v": 0
},{
  "_id": {
    "$oid": "60b026a883c3bf12d0cec9be"
  },
  "artid": "aid_62984664241622156846602",
  "title": "德罗巴的影响力有多大？仅仅参加一场球赛，就让国家结束了内战",
  "name": "admin",
  "comment": "德罗巴！！！！！",
  "headImg": "http://nuotasuo.com/avater/avater.png",
  "time": "2021年5月28日 07:09",
  "reply": [],
  "__v": 0
},{
  "_id": {
    "$oid": "60b0282883c3bf12d0cec9c5"
  },
  "artid": "aid_56213874791622157310939",
  "title": "NBA禁止穿戴的装备：詹姆斯戴黑色面具被禁，AJ1禁穿成传奇故事",
  "name": "Nuota",
  "comment": "装备不该有太多限制，球星追求的都是极致",
  "headImg": "http://nuotasuo.com/avator-default.png",
  "time": "2021年5月28日 07:15",
  "reply": [
    {
      "_id": {
        "$oid": "60b0283a83c3bf12d0cec9c6"
      },
      "fromwho": "admin",
      "towho": "Nuota",
      "fromHeadImg": "http://nuotasuo.com/avater/avater.png",
      "comment": "有一点道理",
      "time": "2021年5月28日 07:16",
      "isdirect": true
    },
    {
      "_id": {
        "$oid": "60b0287c83c3bf12d0cec9c8"
      },
      "fromwho": "Jack",
      "towho": "admin",
      "fromHeadImg": "http://nuotasuo.com/image/sdfgsegertred.jpg",
      "comment": "要有一定自由度，但不能完全放空",
      "time": "2021年5月28日 07:17",
      "isdirect": false
    }
  ],
  "__v": 0
},{
  "_id": {
    "$oid": "60b0285583c3bf12d0cec9c7"
  },
  "artid": "aid_56213874791622157310939",
  "title": "NBA禁止穿戴的装备：詹姆斯戴黑色面具被禁，AJ1禁穿成传奇故事",
  "name": "admin",
  "comment": "肖华xxxxx",
  "headImg": "http://nuotasuo.com/avater/avater.png",
  "time": "2021年5月28日 07:16",
  "reply": [],
  "__v": 0
},{
  "_id": {
    "$oid": "60b0296383c3bf12d0cec9cb"
  },
  "artid": "aid_62622966781622157579877",
  "title": "巴萨已免签阿圭罗等三人，下个目标是德佩",
  "name": "admin",
  "comment": "卖了内马尔，有6亿，全世界的俱乐部都知道巴萨有钱都狠狠宰了巴萨一笔1.4亿登贝莱，1.45亿库蒂尼奥，7000万皮亚尼奇，动不动就几千万补强，啊比达尔买的什么玩意，巴托美屋让巴萨这几年成立一个笑话",
  "headImg": "http://nuotasuo.com/avater/avater.png",
  "time": "2021年5月28日 07:21",
  "reply": [
    {
      "_id": {
        "$oid": "60b0298483c3bf12d0cec9cd"
      },
      "fromwho": "Jack",
      "towho": "admin",
      "fromHeadImg": "http://nuotasuo.com/image/sdfgsegertred.jpg",
      "comment": "巴萨养老院集结完毕",
      "time": "2021年5月28日 07:21",
      "isdirect": true
    }
  ],
  "__v": 0
},{
  "_id": {
    "$oid": "60b0297c83c3bf12d0cec9cc"
  },
  "artid": "aid_62622966781622157579877",
  "title": "巴萨已免签阿圭罗等三人，下个目标是德佩",
  "name": "Jack",
  "comment": "巴萨养老院集结完毕",
  "headImg": "http://nuotasuo.com/image/sdfgsegertred.jpg",
  "time": "2021年5月28日 07:21",
  "reply": [],
  "__v": 0
},{
  "_id": {
    "$oid": "60b0299783c3bf12d0cec9ce"
  },
  "artid": "aid_62622966781622157579877",
  "title": "巴萨已免签阿圭罗等三人，下个目标是德佩",
  "name": "Jack",
  "comment": "不是说维纳尔杜姆已经去拜仁了吗？",
  "headImg": "http://nuotasuo.com/image/sdfgsegertred.jpg",
  "time": "2021年5月28日 07:21",
  "reply": [],
  "__v": 0
},{
  "_id": {
    "$oid": "60b02a6783c3bf12d0cec9d1"
  },
  "artid": "aid_52763665481622157889637",
  "title": "张翰、郭麒麟，谢谢你俩让观众知道了这档真人秀原来这么假",
  "name": "Nuota",
  "comment": "并没有多少人喜欢张汉，那个撞伤交警逃逸的混子",
  "headImg": "http://nuotasuo.com/avator-default.png",
  "time": "2021年5月28日 07:25",
  "reply": [
    {
      "_id": {
        "$oid": "60b02a9283c3bf12d0cec9d3"
      },
      "fromwho": "admin",
      "towho": "Nuota",
      "fromHeadImg": "http://nuotasuo.com/avater/avater.png",
      "comment": "对对对",
      "time": "2021年5月28日 07:26",
      "isdirect": true
    }
  ],
  "__v": 0
},{
  "_id": {
    "$oid": "60b02a8d83c3bf12d0cec9d2"
  },
  "artid": "aid_52763665481622157889637",
  "title": "张翰、郭麒麟，谢谢你俩让观众知道了这档真人秀原来这么假",
  "name": "admin",
  "comment": "人家张翰料到有新人，不具体说自己的作品，给别人台阶，宋丹丹还一个劲沙锅问到底，感觉那个时候空气都尴尬了，她还来一句我不认识你，这情商也是没谁了",
  "headImg": "http://nuotasuo.com/avater/avater.png",
  "time": "2021年5月28日 07:26",
  "reply": [],
  "__v": 0
},{
  "_id": {
    "$oid": "60b02c4683c3bf12d0cec9d6"
  },
  "artid": "aid_32687884051622158341502",
  "title": "格力获驱蚊专利授权",
  "name": "Nuota",
  "comment": "只要把温度调到26度以下，蚊子基本不扰你清梦了",
  "headImg": "http://nuotasuo.com/avator-default.png",
  "time": "2021年5月28日 07:33",
  "reply": [
    {
      "_id": {
        "$oid": "60b02c5583c3bf12d0cec9d7"
      },
      "fromwho": "Jack",
      "towho": "Nuota",
      "fromHeadImg": "http://nuotasuo.com/image/sdfgsegertred.jpg",
      "comment": "哈哈，很有道理",
      "time": "2021年5月28日 07:33",
      "isdirect": true
    },
    {
      "_id": {
        "$oid": "60b02c8383c3bf12d0cec9da"
      },
      "fromwho": "admin",
      "towho": "Nuota",
      "fromHeadImg": "http://nuotasuo.com/avater/avater.png",
      "comment": "哈哈",
      "time": "2021年5月28日 07:34",
      "isdirect": true
    }
  ],
  "__v": 0
},{
  "_id": {
    "$oid": "60b02c6983c3bf12d0cec9d8"
  },
  "artid": "aid_32687884051622158341502",
  "title": "格力获驱蚊专利授权",
  "name": "Jack",
  "comment": "是不是做空调的那个格力？怎么做电蚊香了？",
  "headImg": "http://nuotasuo.com/image/sdfgsegertred.jpg",
  "time": "2021年5月28日 07:34",
  "reply": [
    {
      "_id": {
        "$oid": "60b02c7783c3bf12d0cec9d9"
      },
      "fromwho": "admin",
      "towho": "Jack",
      "fromHeadImg": "http://nuotasuo.com/avater/avater.png",
      "comment": "有可能",
      "time": "2021年5月28日 07:34",
      "isdirect": true
    }
  ],
  "__v": 0
},{
  "_id": {
    "$oid": "60b02d5d83c3bf12d0cec9db"
  },
  "artid": "aid_56213874791622157310939",
  "title": "NBA禁止穿戴的装备：詹姆斯戴黑色面具被禁，AJ1禁穿成传奇故事",
  "name": "Nuota",
  "comment": "第一次看见詹姆斯戴黑色护罩真正到霸气",
  "headImg": "http://nuotasuo.com/avator-default.png",
  "time": "2021年5月28日 07:38",
  "reply": [
    {
      "_id": {
        "$oid": "60b02d8f83c3bf12d0cec9dd"
      },
      "fromwho": "Jack",
      "towho": "Nuota",
      "fromHeadImg": "http://nuotasuo.com/image/sdfgsegertred.jpg",
      "comment": "透明的还好，黑色的换谁也不敢防",
      "time": "2021年5月28日 07:38",
      "isdirect": true
    },
    {
      "_id": {
        "$oid": "60b02dd183c3bf12d0cec9df"
      },
      "fromwho": "admin",
      "towho": "Nuota",
      "fromHeadImg": "http://nuotasuo.com/avater/avater.png",
      "comment": "是吓人",
      "time": "2021年5月28日 07:40",
      "isdirect": true
    }
  ],
  "__v": 0
},{
  "_id": {
    "$oid": "60b02d7383c3bf12d0cec9dc"
  },
  "artid": "aid_56213874791622157310939",
  "title": "NBA禁止穿戴的装备：詹姆斯戴黑色面具被禁，AJ1禁穿成传奇故事",
  "name": "Nuota",
  "comment": "啥时候威少上场系个恩比德那个呢",
  "headImg": "http://nuotasuo.com/avator-default.png",
  "time": "2021年5月28日 07:38",
  "reply": [],
  "__v": 0
}]