[{
  "_id": {
    "$oid": "6061996e2ac9a520b4236a36"
  },
  "isAdmin": "1",
  "username": "admin",
  "password": "$2b$10$v.8i.xXqNIeaf0Kieu4SfOdSulBRklnfqS5PTvMZFCjsoWGrdTuqu",
  "name": "Admin",
  "__v": 0,
  "avatar": "http://nuotasuo.com/avater/avater.png",
  "date": "2021-04-29",
  "email": "3449645196@qq.com",
  "phone": 1337425909,
  "sex": null,
  "slog": null
},{
  "_id": {
    "$oid": "6061c17449c17b087c5ecb59"
  },
  "isAdmin": "0",
  "username": "Nuota",
  "password": "$2b$10$CwNTrMVSHFvQupLqZZ.AGeF4CoHBLer8An6KicBox4zqzzei9aAwO",
  "__v": 0,
  "avatar": "http://nuotasuo.com/avator-default.png",
  "email": "Tomcity1@163.com",
  "phone": 13112662610,
  "sex": "男",
  "slog": "加油！！！加油！！！！",
  "date": "2021-05-01"
},{
  "_id": {
    "$oid": "608f9869c2845e0458c2868b"
  },
  "avatar": "http://nuotasuo.com/image/gukong_1622112492971.jpeg",
  "isAdmin": "0",
  "username": "Tom",
  "password": "$2b$10$WB.gIu2i76r2CeJHo/XUNeoVHUqTPHkR9Wvbb/bCJ4647rAtD4KcK",
  "__v": 0,
  "email": "1052377@qq.com",
  "phone": 15521449007,
  "sex": null,
  "slog": "11111",
  "date": "2021-05-02"
},{
  "_id": {
    "$oid": "609aad9f9a24dc0f4c897c14"
  },
  "avatar": "http://nuotasuo.com/image/sdfgsegertred.jpg",
  "isAdmin": "0",
  "username": "Jack",
  "password": "$2b$10$29NCZtPwuYgJUu3wj8Sv3OD7jjxzA5OFRzecNSTjDYAWpmWi0VOt6",
  "__v": 0,
  "date": "2021-05-05",
  "email": "123123123@qq.com",
  "phone": 15521449008,
  "sex": null,
  "slog": null
},{
  "_id": {
    "$oid": "60afbe9c0f84951584ac9f07"
  },
  "avatar": "http://nuotasuo.com/image/u%3D3717120934%2C3932520698%26fm%3D26%26gp%3D0.jpg",
  "isAdmin": "0",
  "username": "james",
  "password": "$2b$10$4bk/CWVbUhmuR7oDifo1HuJCMBsKKRQkIYH0X7nnGALbwQdAjDnca",
  "__v": 0
}]